{"options":{"payPal":"BGWG9R5LBNECY","userVoice":{"forum":207850,"id":"SP31UDolvOoOvsbuDmi5w"}},"editor":{"indentSizes":[2,4,8],"modes":["coffee","javascript"],"themes":["ambiance","chaos","chrome","clouds","clouds_midnight","cobalt","crimson_editor","dawn","dreamweaver","eclipse","github","idle_fingers","kr","merbivore","merbivore_soft","mono_industrial","monokai","pastel_on_dark","solarized_dark","solarized_light","terminal","textmate","tomorrow","tomorrow_night","tomorrow_night_blue","tomorrow_night_bright","tomorrow_night_eighties","twilight","vibrant_ink","xcode"]}}